{"metadata":{"asset_id":"81de4387-f4ba-4936-9847-755341f7b6c2","asset_attributes":["notebook"],"name":"Machine Learning Final","asset_type":"notebook","created_at":"2020-08-30T17:03:39Z","description":"","origin_country":"us","owner_id":"IBMid-5500059QJ7","project_id":"db6ec1af-170f-4b2b-8e21-3ec040491be6","size":83665,"tags":["notebook"],"usage":{"last_update_time":1598814022749,"last_updated_at":"2020-08-30T19:00:22Z"}},"entity":{"notebook":{"kernel":{"name":"python3","display_name":"Python 3.6","language":"python"},"originates_from":{"url":"https://s3-api.us-geo.objectstorage.softlayer.net/cf-courses-data/CognitiveClass/ML0101ENv3/labs/ML0101EN-Proj-Loan-py-v1.ipynb","type":"url"},"runtime":{"environment":"conda2py36-db6ec1af-170f-4b2b-8e21-3ec040491be6"}}},"attachments":[{"id":"75869c07-4c40-4763-8c50-cefb43da87a1","version":2,"asset_type":"notebook","name":"attachment for notebook 81de4387-f4ba-4936-9847-755341f7b6c2","description":"attachment for notebook 81de4387-f4ba-4936-9847-755341f7b6c2","mime":"application/json","datasource_type":"193a97c1-4475-4a19-b90c-295c4fdc6517","object_key":"notebook/Machine_Learning_Final_oebVOKESN.ipynb","creator_id":"IBMid-5500059QJ7","create_time":1598807020428,"size":83665,"is_remote":false,"is_managed":false,"is_referenced":true,"is_object_key_read_only":false,"is_user_provided_path_key":true,"transfer_complete":true,"is_partitioned":false,"complete_time_ticks":1598807020428,"user_data":{},"test_doc":0,"handle":{"bucket":"machinelearningcourserafinal-donotdelete-pr-d4bg70p5dlcfzo","location":"us-geo","key":"notebook/Machine_Learning_Final_oebVOKESN.ipynb","upload_id":"done","max_part_num":1},"usage":{"access_count":0,"last_accessor_id":"IBMid-5500059QJ7","last_access_time":1598807020428}}]}
